name,location_raw,location,price_raw,price,price_unit,rating_raw,rating,detail_url,scraped_at
군자 시티짐,서울 광진구 군자동,서울 광진구 군자동,"29,250원~/월",29250,월,4.6(11),4.6,https://www.da-gym.co.kr/detail/6281fc049e2fcd001d9a0b64,2026-09-28 16:12:38
군자 오엔 요가,서울 광진구 능동,서울 광진구 능동,"98,958원~/월",98958,월,5(1),5.0,https://www.da-gym.co.kr/detail/66b0bf5901d0e4001dc7198c,2026-09-28 16:12:38
장안 채운요가스튜디오,서울 동대문구 장안동,서울 동대문구 장안동,"15,200원~/회",15200,회,5(3),5.0,https://www.da-gym.co.kr/detail/61d50c4243554f0039f4bd1f,2026-09-28 16:12:38
잠실나루 슬로우 벗 베럴 요가스튜디오,서울 송파구 신천동,서울 송파구 신천동,"27,000원~/회",27000,회,5(2),5.0,https://www.da-gym.co.kr/detail/65e7ffa295b46a001da3ebc8,2026-09-28 16:12:38
회기 류아필라테스,서울 동대문구 회기동,서울 동대문구 회기동,"12,000원~/회",12000,회,4.8(23),4.8,https://www.da-gym.co.kr/detail/59e8c4ae7791e950c328d727,2026-09-28 16:12:38
상봉 바디톡휘트니스,서울 중랑구 상봉동,서울 중랑구 상봉동,"5,500원~/회",5500,회,5.0(143),5.0,https://www.da-gym.co.kr/detail/6412cd4249f860001d0def07,2026-09-28 16:12:38
명일 아쉬탕가요가스튜디오,서울 강동구 명일동,서울 강동구 명일동,"17,500원~/회",17500,회,5(24),5.0,https://www.da-gym.co.kr/detail/605b07bd43115b0039224e08,2026-09-28 16:12:38
방이 이안요가,서울 송파구 방이동,서울 송파구 방이동,"9,025원~/회",9025,회,5(2),5.0,https://www.da-gym.co.kr/detail/694e4da50f6d874cfc214e7f,2026-09-28 16:12:38
역삼 무니요가,서울 강남구 역삼동,서울 강남구 역삼동,"16,250원~/회",16250,회,5(10),5.0,https://www.da-gym.co.kr/detail/63ea00157077ec001d47b7d5,2026-09-28 16:12:38
강남 아쉬탕가요가스튜디오,서울 서초구 서초동,서울 서초구 서초동,"121,416원~/월",121416,월,5(35),5.0,https://www.da-gym.co.kr/detail/605b085443115b0039224e0a,2026-09-28 16:12:38
서초 샨티요가앤필라테스,서울 서초구 서초동,서울 서초구 서초동,"21,500원~/회",21500,회,5(2),5.0,https://www.da-gym.co.kr/detail/663d88c7f09ceb001d69cdb8,2026-09-28 16:12:38
서초 하루고요 요가&명상,서울 서초구 서초동,서울 서초구 서초동,"32,500원~/회",32500,회,5(3),5.0,https://www.da-gym.co.kr/detail/65f152462236b9001d3a906e,2026-09-28 16:12:38
시청 요가타운 서소문교육원,서울 중구 서소문동,서울 중구 서소문동,"112,750원~/월",112750,월,5(5),5.0,https://www.da-gym.co.kr/detail/62c3eefd99269f001d846287,2026-09-28 16:12:38
흑석 요가블리스&필라테스,서울 동작구 흑석동,서울 동작구 흑석동,"5,925원~/회",5925,회,4.8(9),4.8,https://www.da-gym.co.kr/detail/59bb8e5940673b2aefb231d6,2026-09-28 16:12:38
이수 라인요가,서울 서초구 방배동,서울 서초구 방배동,"63,333원~/회",63333,회,4.5(2),4.5,https://www.da-gym.co.kr/detail/6087bcc1c70b9e003994582b,2026-09-28 16:12:38
상도 마니요가,서울 동작구 상도동,서울 동작구 상도동,"112,500원~/월",112500,월,5(12),5.0,https://www.da-gym.co.kr/detail/6108ec46ec7d1e0039f41a60,2026-09-28 16:12:38
불광 플라잉요가인,서울  은평구 불광동,서울 은평구 불광동,"16,250원~/회",16250,회,5(1),5.0,https://www.da-gym.co.kr/detail/63624b95f2c292001ddd9332,2026-09-28 16:12:38
망원 제야딥요가,서울 마포구 망원동,서울 마포구 망원동,"8,250원~/회",8250,회,4.7(9),4.7,https://www.da-gym.co.kr/detail/5c05f6dbca8af30018cf0bed,2026-09-28 16:12:38
신림 요가룩스앤필라테스,서울 관악구 신림동,서울 관악구 신림동,"101,666원~/월",101666,월,5(7),5.0,https://www.da-gym.co.kr/detail/6139d2cd6bdf97003909c62f,2026-09-28 16:12:38
당산 크레센도 요가필라테스,서울 영등포구 당산동3가,서울 영등포구 당산동3가,"29,700원~/회",29700,회,5(4),5.0,https://www.da-gym.co.kr/detail/679253cd9039ef0edebfa85d,2026-09-28 16:12:38
가산 AR centre,서울 금천구 가산동,서울 금천구 가산동,"13,500원~/회",13500,회,5(6),5.0,https://www.da-gym.co.kr/detail/64b8fa17d1e8c9001d62a170,2026-09-28 16:12:38
고척 빡샘스피닝클럽,서울 구로구 고척동,서울 구로구 고척동,"2,970원~/월",2970,월,4.9(48),4.9,https://www.da-gym.co.kr/detail/5b3e1c234e46fc2ba88a329e,2026-09-28 16:12:38
우장산 스타일핫요가&기구필라테스,서울 강서구 내발산동,서울 강서구 내발산동,"52,500원~/월",52500,월,5(3),5.0,https://www.da-gym.co.kr/detail/5accd3ffbf33746e01ecc3f0,2026-09-28 16:12:38
구로항동 에쏘르 번지요가스튜디오,서울 구로구 항동,서울 구로구 항동,"19,000원~/회",19000,회,5(3),5.0,https://www.da-gym.co.kr/detail/66af547801d0e4001dc656e8,2026-09-28 16:12:38
