name,location_raw,price_raw,rating_raw,detail_url,scraped_at
군자 시티짐,서울 광진구 군자동,"29,250원~/월",4.6(11),https://www.da-gym.co.kr/detail/6281fc049e2fcd001d9a0b64,2026-09-28 16:12:38
군자 오엔 요가,서울 광진구 능동,"98,958원~/월",5(1),https://www.da-gym.co.kr/detail/66b0bf5901d0e4001dc7198c,2026-09-28 16:12:38
장안 채운요가스튜디오,서울 동대문구 장안동,"15,200원~/회",5(3),https://www.da-gym.co.kr/detail/61d50c4243554f0039f4bd1f,2026-09-28 16:12:38
잠실나루 슬로우 벗 베럴 요가스튜디오,서울 송파구 신천동,"27,000원~/회",5(2),https://www.da-gym.co.kr/detail/65e7ffa295b46a001da3ebc8,2026-09-28 16:12:38
강남구청역 요가미학,서울 강남구 논현동,"100,000원~/월",,https://www.da-gym.co.kr/detail/695cd3110f128b8d884b00a4,2026-09-28 16:12:38
황학 로제요가 발레핏,서울 중구 황학동,"250,000원~/월",,https://www.da-gym.co.kr/detail/696988d2c04065bab981bdcc,2026-09-28 16:12:38
회기 류아필라테스,서울 동대문구 회기동,"12,000원~/회",4.8(23),https://www.da-gym.co.kr/detail/59e8c4ae7791e950c328d727,2026-09-28 16:12:38
상봉 바디톡휘트니스,서울 중랑구 상봉동,"5,500원~/회",5.0(143),https://www.da-gym.co.kr/detail/6412cd4249f860001d0def07,2026-09-28 16:12:38
송파 PLAN A STUDIO,서울 송파구 송파동,"140,800원~/월",,https://www.da-gym.co.kr/detail/6840f1ebc6434cbb74f4de4b,2026-09-28 16:12:38
성내 옴리프,서울 강동구 성내동,"72,000원~/회",,https://www.da-gym.co.kr/detail/68d4fc8e68722e3847ce54ce,2026-09-28 16:12:38
명일 아쉬탕가요가스튜디오,서울 강동구 명일동,"17,500원~/회",5(24),https://www.da-gym.co.kr/detail/605b07bd43115b0039224e08,2026-09-28 16:12:38
방이 이안요가,서울 송파구 방이동,"9,025원~/회",5(2),https://www.da-gym.co.kr/detail/694e4da50f6d874cfc214e7f,2026-09-28 16:12:38
역삼 무니요가,서울 강남구 역삼동,"16,250원~/회",5(10),https://www.da-gym.co.kr/detail/63ea00157077ec001d47b7d5,2026-09-28 16:12:38
서초 아인요가,서울 서초구 반포동,"36,000원~/회",,https://www.da-gym.co.kr/detail/6a3bb2040e14bb2b178e7683,2026-09-28 16:12:38
강남 아쉬탕가요가스튜디오,서울 서초구 서초동,"121,416원~/월",5(35),https://www.da-gym.co.kr/detail/605b085443115b0039224e0a,2026-09-28 16:12:38
서초 샨티요가앤필라테스,서울 서초구 서초동,"21,500원~/회",5(2),https://www.da-gym.co.kr/detail/663d88c7f09ceb001d69cdb8,2026-09-28 16:12:38
서초 하루고요 요가&명상,서울 서초구 서초동,"32,500원~/회",5(3),https://www.da-gym.co.kr/detail/65f152462236b9001d3a906e,2026-09-28 16:12:38
서초 모두의요가,서울 서초구 서초동,"16,222원~/회",,https://www.da-gym.co.kr/detail/699b9e4676c94b2f34464eee,2026-09-28 16:12:38
공릉 오엔요가,서울 노원구 공릉동,"9,875원~/회",,https://www.da-gym.co.kr/detail/63ef0f837077ec001d4a7f46,2026-09-28 16:12:38
시청 요가타운 서소문교육원,서울 중구 서소문동,"112,750원~/월",5(5),https://www.da-gym.co.kr/detail/62c3eefd99269f001d846287,2026-09-28 16:12:38
흑석 요가블리스&필라테스,서울 동작구 흑석동,"5,925원~/회",4.8(9),https://www.da-gym.co.kr/detail/59bb8e5940673b2aefb231d6,2026-09-28 16:12:38
이수 라인요가,서울 서초구 방배동,"63,333원~/회",4.5(2),https://www.da-gym.co.kr/detail/6087bcc1c70b9e003994582b,2026-09-28 16:12:38
쌍문 하늘플라잉앤요가,서울 도봉구 쌍문동,"9,900원~/회",,https://www.da-gym.co.kr/detail/69570e9a60c647607d64bef1,2026-09-28 16:12:38
상도 마니요가,서울 동작구 상도동,"112,500원~/월",5(12),https://www.da-gym.co.kr/detail/6108ec46ec7d1e0039f41a60,2026-09-28 16:12:38
창전 워너필,서울 마포구 창전동,"24,281원~/회",,https://www.da-gym.co.kr/detail/6540ee25247c81001d214e3f,2026-09-28 16:12:38
봉천 애트라요가,서울 관악구 봉천동,"102,916원~/월",,https://www.da-gym.co.kr/detail/6a2a6645753d97e6e5cd3860,2026-09-28 16:12:38
불광 플라잉요가인,서울  은평구 불광동,"16,250원~/회",5(1),https://www.da-gym.co.kr/detail/63624b95f2c292001ddd9332,2026-09-28 16:12:38
망원 제야딥요가,서울 마포구 망원동,"8,250원~/회",4.7(9),https://www.da-gym.co.kr/detail/5c05f6dbca8af30018cf0bed,2026-09-28 16:12:38
신림 요가룩스앤필라테스,서울 관악구 신림동,"101,666원~/월",5(7),https://www.da-gym.co.kr/detail/6139d2cd6bdf97003909c62f,2026-09-28 16:12:38
당산 크레센도 요가필라테스,서울 영등포구 당산동3가,"29,700원~/회",5(4),https://www.da-gym.co.kr/detail/679253cd9039ef0edebfa85d,2026-09-28 16:12:38
구로 재이요가,서울 구로구 구로동,"10,395원~/회",,https://www.da-gym.co.kr/detail/68c104fb3bd40a47a487c476,2026-09-28 16:12:38
가산 AR centre,서울 금천구 가산동,"13,500원~/회",5(6),https://www.da-gym.co.kr/detail/64b8fa17d1e8c9001d62a170,2026-09-28 16:12:38
신정 굿모닝요가클럽,서울 양천구 신정동,"25,000원~/회",,https://www.da-gym.co.kr/detail/68fec5079f719da91bd594ce,2026-09-28 16:12:38
고척 빡샘스피닝클럽,서울 구로구 고척동,"2,970원~/월",4.9(48),https://www.da-gym.co.kr/detail/5b3e1c234e46fc2ba88a329e,2026-09-28 16:12:38
우장산 스타일핫요가&기구필라테스,서울 강서구 내발산동,"52,500원~/월",5(3),https://www.da-gym.co.kr/detail/5accd3ffbf33746e01ecc3f0,2026-09-28 16:12:38
마곡 우리같이번지앤요가,서울 강서구 마곡동,"15,000원~/회",,https://www.da-gym.co.kr/detail/67ee17d29844962821dad639,2026-09-28 16:12:38
방화 마이필라테스N요가,서울 강서구 방화동,"14,583원~/회",,https://www.da-gym.co.kr/detail/616691706bdf9700390d4984,2026-09-28 16:12:38
구로항동 에쏘르 번지요가스튜디오,서울 구로구 항동,"19,000원~/회",5(3),https://www.da-gym.co.kr/detail/66af547801d0e4001dc656e8,2026-09-28 16:12:38
